{
  "model_path": "../llm-pruner/FLAP/llm_weights/flap_p0.5_WIFV_AL-AM_SMOL19_noMLP",
  "system_info": {
    "platform": "Linux-6.12.16-aufs-1-x86_64-with-glibc2.36",
    "python_version": "3.10.14",
    "torch_version": "2.4.1+cu121",
    "cpu_count": 128,
    "memory_gb": 503.71,
    "gpu_info": {
      "available": true,
      "name": "NVIDIA A10",
      "device_count": 1,
      "device_capability": [
        8,
        6
      ],
      "cuda_version": "12.1"
    }
  },
  "parameters": {
    "total": 1611275327,
    "trainable": 1611275327,
    "non_trainable": 0
  },
  "sparsity": 0.0005084171440304069,
  "batch_inference": {
    "bs1_seq128": {
      "batch_size": 1,
      "sequence_length": 128,
      "throughput_mean": 3342.605147123611,
      "throughput_std": 11.732512982945957,
      "throughput_list": [
        3318.8938811340117,
        3327.781020269014,
        3335.5342300643038,
        3346.074192261667,
        3345.469518996492,
        3349.3724624118786,
        3343.906721809756,
        3356.7649261896872,
        3359.222325115755,
        3343.0321929835486
      ],
      "throughput_unit": "tokens/second"
    },
    "bs1_seq512": {
      "batch_size": 1,
      "sequence_length": 512,
      "throughput_mean": 9025.386778092321,
      "throughput_std": 33.364220038644895,
      "throughput_list": [
        9041.313107582971,
        9016.562251491576,
        9041.769918360302,
        8997.786247004207,
        9044.359384936763,
        9028.920717273855,
        9061.15067152182,
        9051.716985744755,
        9030.895139890577,
        8939.393357116394
      ],
      "throughput_unit": "tokens/second"
    },
    "bs1_seq1024": {
      "batch_size": 1,
      "sequence_length": 1024,
      "throughput_mean": 10849.998746238989,
      "throughput_std": 119.81052478401263,
      "throughput_list": [
        10965.052734773906,
        10926.584738281499,
        10904.41942347045,
        10971.13075286286,
        10843.741121698251,
        10566.686994880223,
        10721.978590829205,
        10901.5132684737,
        10910.51353726877,
        10788.366299851046
      ],
      "throughput_unit": "tokens/second"
    },
    "bs4_seq128": {
      "batch_size": 4,
      "sequence_length": 128,
      "throughput_mean": 8983.962073556191,
      "throughput_std": 13.59616007416774,
      "throughput_list": [
        8963.272831998398,
        8974.547813077239,
        8999.068230009136,
        9013.156362140679,
        8990.365470035376,
        8977.661852067073,
        8972.298045507341,
        8982.092761988413,
        8979.65146560736,
        8987.5059031309
      ],
      "throughput_unit": "tokens/second"
    },
    "bs4_seq512": {
      "batch_size": 4,
      "sequence_length": 512,
      "throughput_mean": 12467.405547259808,
      "throughput_std": 64.63757233046482,
      "throughput_list": [
        12480.8892621399,
        12341.434479270829,
        12456.690688879093,
        12540.764499000674,
        12506.001313212932,
        12514.674028867013,
        12439.463364125704,
        12409.41648139079,
        12417.794143498173,
        12566.92721221298
      ],
      "throughput_unit": "tokens/second"
    },
    "bs4_seq1024": {
      "batch_size": 4,
      "sequence_length": 1024,
      "throughput_mean": 13048.403008195752,
      "throughput_std": 14.85147787200651,
      "throughput_list": [
        13059.653106214253,
        13052.886004434064,
        13052.816583737344,
        13033.269368169904,
        13071.676538216303,
        13043.392145965629,
        13018.819979721404,
        13036.058242334428,
        13062.324171642376,
        13053.133941521819
      ],
      "throughput_unit": "tokens/second"
    },
    "bs16_seq128": {
      "batch_size": 16,
      "sequence_length": 128,
      "throughput_mean": 12299.5481854102,
      "throughput_std": 232.02589428601934,
      "throughput_list": [
        11631.833540288564,
        12431.470227198064,
        12387.726671887145,
        12390.567795241062,
        12400.119226827192,
        12409.434408633218,
        12232.575342699845,
        12270.248338004349,
        12388.048243090258,
        12453.458060232282
      ],
      "throughput_unit": "tokens/second"
    },
    "bs16_seq512": {
      "batch_size": 16,
      "sequence_length": 512,
      "throughput_mean": 13806.738303701717,
      "throughput_std": 62.09287648824182,
      "throughput_list": [
        13859.897142322381,
        13778.131247724345,
        13878.522567513912,
        13787.176050256967,
        13846.324920431383,
        13798.465518633091,
        13786.27988608177,
        13759.950457393687,
        13896.54050674226,
        13676.094739917386
      ],
      "throughput_unit": "tokens/second"
    },
    "bs16_seq1024": {
      "batch_size": 16,
      "sequence_length": 1024,
      "throughput_mean": 14258.586999186027,
      "throughput_std": 22.976007815881825,
      "throughput_list": [
        14302.052987928077,
        14266.668895539244,
        14259.279908351475,
        14249.309816816594,
        14292.914790118013,
        14265.442788641283,
        14242.762340954265,
        14246.615674506304,
        14234.345412112501,
        14226.477376892522
      ],
      "throughput_unit": "tokens/second"
    }
  },
  "generation": {
    "gen128": {
      "batch_size": 1,
      "context_length": 32,
      "generation_length": 128,
      "throughput_mean": 62.215812232672626,
      "throughput_std": 0.33549456541245676,
      "throughput_list": [
        62.04963176188663,
        62.550773497540824,
        62.66010612062158,
        61.77208765185119,
        62.04646213146288
      ],
      "throughput_unit": "tokens/second"
    }
  },
  "test_params": {
    "use_amp": true,
    "precision": "torch.bfloat16"
  }
}