{
  "model_path": "../llm-pruner/FLAP/llm_weights/flap_p0.25_WIFV_AL-AM_SMOL19_noMLP",
  "system_info": {
    "platform": "Linux-6.12.16-aufs-1-x86_64-with-glibc2.36",
    "python_version": "3.10.14",
    "torch_version": "2.4.1+cu121",
    "cpu_count": 128,
    "memory_gb": 503.71,
    "gpu_info": {
      "available": true,
      "name": "NVIDIA A10",
      "device_count": 1,
      "device_capability": [
        8,
        6
      ],
      "cuda_version": "12.1"
    }
  },
  "parameters": {
    "total": 1762921727,
    "trainable": 1762921727,
    "non_trainable": 0
  },
  "sparsity": 0.0010455370603076129,
  "batch_inference": {
    "bs1_seq128": {
      "batch_size": 1,
      "sequence_length": 128,
      "throughput_mean": 3282.550737887239,
      "throughput_std": 46.548112290460004,
      "throughput_list": [
        3159.5696302355827,
        3263.4744117343125,
        3248.1330058202147,
        3303.8819916675384,
        3311.830531685862,
        3314.079347148404,
        3323.2080816083985,
        3307.3827937779147,
        3298.0570080597604,
        3295.890577134403
      ],
      "throughput_unit": "tokens/second"
    },
    "bs1_seq512": {
      "batch_size": 1,
      "sequence_length": 512,
      "throughput_mean": 8179.710658335246,
      "throughput_std": 102.4439968795738,
      "throughput_list": [
        8200.383570850327,
        8233.427194479056,
        8277.093563667619,
        8253.457631287665,
        8267.470184907854,
        8040.540538111891,
        8234.595334141142,
        8151.792071728724,
        8194.500763172355,
        7943.845731005834
      ],
      "throughput_unit": "tokens/second"
    },
    "bs1_seq1024": {
      "batch_size": 1,
      "sequence_length": 1024,
      "throughput_mean": 9857.88002233575,
      "throughput_std": 166.06269615754476,
      "throughput_list": [
        9912.728769981397,
        9936.579606605621,
        9954.681623911814,
        9379.972124126694,
        9856.154799031588,
        9814.353735309776,
        9944.724268553593,
        9983.211564342811,
        9912.362728309185,
        9884.031003185006
      ],
      "throughput_unit": "tokens/second"
    },
    "bs4_seq128": {
      "batch_size": 4,
      "sequence_length": 128,
      "throughput_mean": 8018.384498042188,
      "throughput_std": 192.7727637408752,
      "throughput_list": [
        8138.045217180406,
        8036.959622157103,
        8089.486593386724,
        8178.1796052355985,
        8133.113853099128,
        8151.389819700133,
        7961.3981322547515,
        8151.946794618725,
        7802.023811340359,
        7541.301531448959
      ],
      "throughput_unit": "tokens/second"
    },
    "bs4_seq512": {
      "batch_size": 4,
      "sequence_length": 512,
      "throughput_mean": 11422.402191274237,
      "throughput_std": 29.056631021915397,
      "throughput_list": [
        11359.702757030109,
        11412.147176634548,
        11432.545593445468,
        11471.263654112727,
        11449.032878567354,
        11389.933280206425,
        11428.073885255411,
        11421.782917988581,
        11432.18042487044,
        11427.359344631295
      ],
      "throughput_unit": "tokens/second"
    },
    "bs4_seq1024": {
      "batch_size": 4,
      "sequence_length": 1024,
      "throughput_mean": 11863.745871164665,
      "throughput_std": 20.414743168110896,
      "throughput_list": [
        11854.358085761896,
        11884.404391037237,
        11892.2772873772,
        11886.673874372538,
        11845.61228698593,
        11881.593407117807,
        11852.902281804552,
        11837.474770414632,
        11867.46823390281,
        11834.694092872056
      ],
      "throughput_unit": "tokens/second"
    },
    "bs16_seq128": {
      "batch_size": 16,
      "sequence_length": 128,
      "throughput_mean": 11376.68708346448,
      "throughput_std": 51.60156623864196,
      "throughput_list": [
        11267.7341476596,
        11406.191779512252,
        11429.32074457469,
        11440.097637115741,
        11381.346363903765,
        11301.192346705855,
        11383.186404740954,
        11403.557023529474,
        11359.672711980513,
        11394.571674921935
      ],
      "throughput_unit": "tokens/second"
    },
    "bs16_seq512": {
      "batch_size": 16,
      "sequence_length": 512,
      "throughput_mean": 12442.854039148488,
      "throughput_std": 28.090539038273505,
      "throughput_list": [
        12386.141391259773,
        12433.278584998172,
        12475.111624416404,
        12474.201284896082,
        12426.866238739423,
        12437.990882839822,
        12433.26058879681,
        12419.127180276426,
        12473.413337070062,
        12469.149278191888
      ],
      "throughput_unit": "tokens/second"
    },
    "bs16_seq1024": {
      "batch_size": 16,
      "sequence_length": 1024,
      "throughput_mean": 12859.850833091348,
      "throughput_std": 35.323410549934756,
      "throughput_list": [
        12844.161812251765,
        12832.646549211202,
        12826.538731794324,
        12811.012770469719,
        12821.546619420127,
        12907.332411606545,
        12880.326152134454,
        12906.217312530225,
        12868.49054115673,
        12900.235430338385
      ],
      "throughput_unit": "tokens/second"
    }
  },
  "generation": {
    "gen128": {
      "batch_size": 1,
      "context_length": 32,
      "generation_length": 128,
      "throughput_mean": 60.110462606432066,
      "throughput_std": 0.7629818750257469,
      "throughput_list": [
        60.537919324482445,
        60.56714997787132,
        61.04195727786556,
        59.244294930967115,
        59.160991520973866
      ],
      "throughput_unit": "tokens/second"
    }
  },
  "test_params": {
    "use_amp": true,
    "precision": "torch.bfloat16"
  }
}