{
  "model_path": "../llm-pruner/FLAP/llm_weights/flap_p0.25_WIFV_AL-AM_SMOL19_noMLP",
  "system_info": {
    "platform": "Linux-6.12.16-aufs-1-x86_64-with-glibc2.36",
    "python_version": "3.10.14",
    "torch_version": "2.4.1+cu121",
    "cpu_count": 128,
    "memory_gb": 503.71,
    "gpu_info": {
      "available": true,
      "name": "NVIDIA A10",
      "device_count": 1,
      "device_capability": [
        8,
        6
      ],
      "cuda_version": "12.1"
    }
  },
  "parameters": {
    "total": 1762921727,
    "trainable": 1762921727,
    "non_trainable": 0
  },
  "sparsity": 0.0010455370603076129,
  "batch_inference": {
    "bs1_seq128": {
      "batch_size": 1,
      "sequence_length": 128,
      "throughput_mean": 3272.3783626718855,
      "throughput_std": 22.16782647897523,
      "throughput_list": [
        3279.3820329727387,
        3301.1597542903874,
        3278.3407240951865,
        3297.793644846035,
        3305.3058420090256,
        3264.1887239850917,
        3251.2606175852525,
        3246.6009046709078,
        3243.521438367337,
        3256.2299438968917
      ],
      "throughput_unit": "tokens/second"
    },
    "bs1_seq512": {
      "batch_size": 1,
      "sequence_length": 512,
      "throughput_mean": 8257.59676763233,
      "throughput_std": 118.63381738136633,
      "throughput_list": [
        7911.011578346319,
        8268.138636276133,
        8326.323199503713,
        8274.478378305483,
        8258.536057100664,
        8264.606617123549,
        8298.33123249029,
        8312.915012135594,
        8332.849518650592,
        8328.777446390965
      ],
      "throughput_unit": "tokens/second"
    },
    "bs1_seq1024": {
      "batch_size": 1,
      "sequence_length": 1024,
      "throughput_mean": 9819.116779663684,
      "throughput_std": 95.79360013573401,
      "throughput_list": [
        9780.62827864186,
        9868.202310027043,
        9976.069551967705,
        9896.123998571446,
        9833.881232369857,
        9790.4604309659,
        9796.087684205484,
        9711.517780466022,
        9629.172682983699,
        9909.0238464378
      ],
      "throughput_unit": "tokens/second"
    },
    "bs4_seq128": {
      "batch_size": 4,
      "sequence_length": 128,
      "throughput_mean": 8115.5671337062695,
      "throughput_std": 174.41089623287792,
      "throughput_list": [
        8167.759441963776,
        8250.730557327166,
        8197.534987231216,
        8169.49947121347,
        8177.837028461755,
        8193.375230827929,
        8194.406956999546,
        8175.190811738864,
        8005.441311001182,
        7623.895540297787
      ],
      "throughput_unit": "tokens/second"
    },
    "bs4_seq512": {
      "batch_size": 4,
      "sequence_length": 512,
      "throughput_mean": 11355.31773145953,
      "throughput_std": 49.27746961552632,
      "throughput_list": [
        11257.781023351883,
        11369.03943723488,
        11356.06845950255,
        11409.994636331878,
        11377.050224960034,
        11282.118942546127,
        11332.083486033991,
        11359.627644704113,
        11417.42585196045,
        11391.987607969413
      ],
      "throughput_unit": "tokens/second"
    },
    "bs4_seq1024": {
      "batch_size": 4,
      "sequence_length": 1024,
      "throughput_mean": 11837.830706906625,
      "throughput_std": 25.7042648376102,
      "throughput_list": [
        11879.342291541194,
        11810.757760063798,
        11827.841756317066,
        11874.744123581224,
        11808.233098220779,
        11814.242104408988,
        11840.436282736333,
        11812.406272861786,
        11856.354263385601,
        11853.94911594948
      ],
      "throughput_unit": "tokens/second"
    },
    "bs16_seq128": {
      "batch_size": 16,
      "sequence_length": 128,
      "throughput_mean": 11272.091009334366,
      "throughput_std": 30.18447265816361,
      "throughput_list": [
        11227.102342548167,
        11277.764113067338,
        11253.946237432561,
        11267.689806926206,
        11283.63058767277,
        11230.023208019787,
        11298.397814486523,
        11259.212362945244,
        11291.224577463123,
        11331.919042781949
      ],
      "throughput_unit": "tokens/second"
    },
    "bs16_seq512": {
      "batch_size": 16,
      "sequence_length": 512,
      "throughput_mean": 12459.26171239764,
      "throughput_std": 42.680790900886855,
      "throughput_list": [
        12459.708118598757,
        12508.69658389118,
        12380.616177437632,
        12418.651383464925,
        12509.43889787946,
        12457.937234142839,
        12498.736245919965,
        12502.84313324508,
        12429.702863447677,
        12426.286485948895
      ],
      "throughput_unit": "tokens/second"
    },
    "bs16_seq1024": {
      "batch_size": 16,
      "sequence_length": 1024,
      "throughput_mean": 12866.534078128496,
      "throughput_std": 31.530013042311072,
      "throughput_list": [
        12895.616533387178,
        12909.095145940386,
        12821.793022742064,
        12865.5031215745,
        12896.359497390964,
        12897.15579815272,
        12823.151999546186,
        12875.834886021199,
        12848.20100183825,
        12832.629774691515
      ],
      "throughput_unit": "tokens/second"
    }
  },
  "generation": {
    "gen128": {
      "batch_size": 1,
      "context_length": 32,
      "generation_length": 128,
      "throughput_mean": 61.53523590337268,
      "throughput_std": 0.37998169944926335,
      "throughput_list": [
        61.225750512247465,
        61.560183069195375,
        61.23568793451293,
        61.399950342144,
        62.254607658763646
      ],
      "throughput_unit": "tokens/second"
    },
    "gen512": {
      "batch_size": 1,
      "context_length": 128,
      "generation_length": 512,
      "throughput_mean": 62.474658140406675,
      "throughput_std": 0.17733187328780126,
      "throughput_list": [
        62.75251388923143,
        62.19711146015775,
        62.44163837290186,
        62.517202128518065,
        62.464824851224236
      ],
      "throughput_unit": "tokens/second"
    },
    "gen1024": {
      "batch_size": 1,
      "context_length": 256,
      "generation_length": 1024,
      "throughput_mean": 62.30028163721896,
      "throughput_std": 0.287857210898218,
      "throughput_list": [
        62.116629132944034,
        62.399121622886966,
        62.75315661374142,
        62.337587880702685,
        61.894912935819704
      ],
      "throughput_unit": "tokens/second"
    }
  },
  "test_params": {
    "use_amp": true,
    "precision": "torch.bfloat16"
  }
}