{
  "model_path": "../llm-pruner/FLAP/llm_weights/flap_p0.5_WIFV_AL-AM_SMOL19_noMLP/",
  "system_info": {
    "platform": "Linux-6.12.16-aufs-1-x86_64-with-glibc2.36",
    "python_version": "3.10.14",
    "torch_version": "2.4.1+cu121",
    "cpu_count": 128,
    "memory_gb": 503.71,
    "gpu_info": {
      "available": true,
      "name": "NVIDIA A10",
      "device_count": 1,
      "device_capability": [
        8,
        6
      ],
      "cuda_version": "12.1"
    }
  },
  "parameters": {
    "total": 1611275327,
    "trainable": 1611275327,
    "non_trainable": 0
  },
  "sparsity": 0.0005084171440304069,
  "batch_inference": {
    "bs1_seq128": {
      "batch_size": 1,
      "sequence_length": 128,
      "throughput_mean": 3328.128583458381,
      "throughput_std": 11.561796006985885,
      "throughput_list": [
        3309.5235605967205,
        3317.130344520785,
        3318.257971605694,
        3316.0034835673214,
        3335.1819695350746,
        3326.2759180436547,
        3337.109952200101,
        3340.910240454025,
        3343.948377452507,
        3336.94401660793
      ],
      "throughput_unit": "tokens/second"
    },
    "bs1_seq512": {
      "batch_size": 1,
      "sequence_length": 512,
      "throughput_mean": 9110.184782409737,
      "throughput_std": 27.880458688608986,
      "throughput_list": [
        9101.89815968602,
        9077.659057860741,
        9113.060730153746,
        9114.066317804289,
        9112.364684066924,
        9116.271652105992,
        9117.665044792595,
        9130.41886726672,
        9164.51289229535,
        9053.930418064994
      ],
      "throughput_unit": "tokens/second"
    },
    "bs1_seq1024": {
      "batch_size": 1,
      "sequence_length": 1024,
      "throughput_mean": 10315.852473535779,
      "throughput_std": 2185.997382613475,
      "throughput_list": [
        11114.102975083,
        11058.217118610903,
        11028.346007682669,
        11027.18509636986,
        3758.9289867705697,
        10956.884639325694,
        11033.927455549247,
        11091.22842681541,
        11042.949032352615,
        11046.754996797832
      ],
      "throughput_unit": "tokens/second"
    },
    "bs4_seq128": {
      "batch_size": 4,
      "sequence_length": 128,
      "throughput_mean": 9012.989463503302,
      "throughput_std": 32.48693760660426,
      "throughput_list": [
        8969.262647905207,
        8986.377627410857,
        8998.238669884688,
        9081.920382987182,
        9033.022407113744,
        8986.941729858216,
        9039.714633294185,
        9038.116724115436,
        9005.181522359018,
        8991.118290104461
      ],
      "throughput_unit": "tokens/second"
    },
    "bs4_seq512": {
      "batch_size": 4,
      "sequence_length": 512,
      "throughput_mean": 12415.468941431027,
      "throughput_std": 72.44478958374818,
      "throughput_list": [
        12446.853547670073,
        12290.051123568177,
        12466.489113871143,
        12354.640708779198,
        12546.277848859288,
        12480.76232321207,
        12374.627918468012,
        12364.652933496662,
        12458.985247810959,
        12371.348648574693
      ],
      "throughput_unit": "tokens/second"
    },
    "bs4_seq1024": {
      "batch_size": 4,
      "sequence_length": 1024,
      "throughput_mean": 13007.3480893105,
      "throughput_std": 19.466639143273003,
      "throughput_list": [
        13005.367354462547,
        12994.065028302772,
        12988.494876007315,
        13016.926060569325,
        13019.49087491948,
        12978.172771163157,
        13043.798176435797,
        13007.169279224712,
        12989.742096460534,
        13030.254375559365
      ],
      "throughput_unit": "tokens/second"
    },
    "bs16_seq128": {
      "batch_size": 16,
      "sequence_length": 128,
      "throughput_mean": 12395.098086858516,
      "throughput_std": 264.769766580584,
      "throughput_list": [
        11703.051661396394,
        12441.391175380051,
        12466.995724324905,
        12542.320934008492,
        12447.556973728064,
        12451.07529696548,
        12133.82423477928,
        12537.890687443623,
        12573.23650159838,
        12653.637678960478
      ],
      "throughput_unit": "tokens/second"
    },
    "bs16_seq512": {
      "batch_size": 16,
      "sequence_length": 512,
      "throughput_mean": 13635.85614634715,
      "throughput_std": 39.93382792914646,
      "throughput_list": [
        13596.79972901166,
        13698.230924589787,
        13540.719558370562,
        13666.298106551003,
        13635.52023239294,
        13645.007250653067,
        13650.064801752751,
        13638.107276676277,
        13652.060665515211,
        13635.752917958256
      ],
      "throughput_unit": "tokens/second"
    },
    "bs16_seq1024": {
      "batch_size": 16,
      "sequence_length": 1024,
      "throughput_mean": 14216.086591454741,
      "throughput_std": 30.51736386906172,
      "throughput_list": [
        14198.35046969377,
        14202.623027851985,
        14272.01113856708,
        14238.011291044406,
        14234.289391603777,
        14233.75869287035,
        14179.562402001497,
        14226.698270383027,
        14215.314995327031,
        14160.24623520447
      ],
      "throughput_unit": "tokens/second"
    }
  },
  "generation": {
    "gen128": {
      "batch_size": 1,
      "context_length": 32,
      "generation_length": 128,
      "throughput_mean": 64.23705047881654,
      "throughput_std": 0.28919097337492655,
      "throughput_list": [
        64.36629656138987,
        64.118995251426,
        64.52264321852391,
        64.4505371449206,
        63.726780217822316
      ],
      "throughput_unit": "tokens/second"
    }
  },
  "test_params": {
    "use_amp": true,
    "precision": "torch.bfloat16"
  }
}