{
  "model_path": "../llm-pruner/FLAP/llm_weights/flap_p0.5_WIFV_AL-AM_SMOL19_noMLP",
  "system_info": {
    "platform": "Linux-6.12.16-aufs-1-x86_64-with-glibc2.36",
    "python_version": "3.10.14",
    "torch_version": "2.4.1+cu121",
    "cpu_count": 128,
    "memory_gb": 503.71,
    "gpu_info": {
      "available": true,
      "name": "NVIDIA A10",
      "device_count": 1,
      "device_capability": [
        8,
        6
      ],
      "cuda_version": "12.1"
    }
  },
  "parameters": {
    "total": 1611275327,
    "trainable": 1611275327,
    "non_trainable": 0
  },
  "sparsity": 0.0005084171440304069,
  "batch_inference": {
    "bs1_seq128": {
      "batch_size": 1,
      "sequence_length": 128,
      "throughput_mean": 3278.5892827318035,
      "throughput_std": 14.498288919686006,
      "throughput_list": [
        3245.8550198909325,
        3265.002627225844,
        3269.317126937247,
        3275.6004392922514,
        3280.8048887802493,
        3289.3277129693165,
        3295.5870993088038,
        3291.102152910598,
        3281.3864104491754,
        3291.9093495536154
      ],
      "throughput_unit": "tokens/second"
    },
    "bs1_seq512": {
      "batch_size": 1,
      "sequence_length": 512,
      "throughput_mean": 9100.038418543065,
      "throughput_std": 24.286637797054677,
      "throughput_list": [
        9112.364684066924,
        9128.827539299955,
        9127.19797351286,
        9093.380510588206,
        9127.702300751049,
        9114.066317804289,
        9076.623123903717,
        9077.12187740403,
        9056.106742686532,
        9086.993115413097
      ],
      "throughput_unit": "tokens/second"
    },
    "bs1_seq1024": {
      "batch_size": 1,
      "sequence_length": 1024,
      "throughput_mean": 10953.664729214015,
      "throughput_std": 108.26275120256892,
      "throughput_list": [
        11053.322188136954,
        10993.483965260839,
        10931.813208377982,
        11095.29704622602,
        11034.664515383132,
        10686.497081407095,
        10872.536689711389,
        10945.157326048398,
        10947.389164168757,
        10976.4861074196
      ],
      "throughput_unit": "tokens/second"
    },
    "bs4_seq128": {
      "batch_size": 4,
      "sequence_length": 128,
      "throughput_mean": 9005.543219469968,
      "throughput_std": 37.68026684659355,
      "throughput_list": [
        8966.304176095797,
        8958.113037855877,
        9053.357874900401,
        9014.480568871575,
        9041.046655945034,
        8955.273947981868,
        9048.665750908034,
        9019.137297724094,
        9032.22456447312,
        8966.828319943881
      ],
      "throughput_unit": "tokens/second"
    },
    "bs4_seq512": {
      "batch_size": 4,
      "sequence_length": 512,
      "throughput_mean": 12497.02471441764,
      "throughput_std": 80.02750585373973,
      "throughput_list": [
        12460.015364084711,
        12361.485680570446,
        12493.796095040841,
        12588.45632988748,
        12533.792751648083,
        12604.674758763176,
        12450.840680206637,
        12387.815995546698,
        12497.83154715312,
        12591.537941275199
      ],
      "throughput_unit": "tokens/second"
    },
    "bs4_seq1024": {
      "batch_size": 4,
      "sequence_length": 1024,
      "throughput_mean": 13083.578220641652,
      "throughput_std": 23.2983058972189,
      "throughput_list": [
        13077.447689049724,
        13092.81580295086,
        13098.385931098,
        13064.231325345181,
        13138.795981547422,
        13088.556555870202,
        13065.66205613106,
        13080.195750655157,
        13082.217707122096,
        13047.473406646819
      ],
      "throughput_unit": "tokens/second"
    },
    "bs16_seq128": {
      "batch_size": 16,
      "sequence_length": 128,
      "throughput_mean": 12369.388245426382,
      "throughput_std": 190.8595246235216,
      "throughput_list": [
        11844.101471216822,
        12464.408824114098,
        12514.89282420594,
        12471.810578034347,
        12417.381274330808,
        12474.744755193977,
        12220.063237530532,
        12407.946623756126,
        12420.523360594107,
        12458.00950528708
      ],
      "throughput_unit": "tokens/second"
    },
    "bs16_seq512": {
      "batch_size": 16,
      "sequence_length": 512,
      "throughput_mean": 13746.071583137196,
      "throughput_std": 42.18849773921924,
      "throughput_list": [
        13769.004503813154,
        13727.83378167544,
        13802.217999579021,
        13770.682077978083,
        13773.243374181706,
        13728.662023818371,
        13787.25350201313,
        13683.605381887404,
        13752.752119565,
        13665.461066860647
      ],
      "throughput_unit": "tokens/second"
    },
    "bs16_seq1024": {
      "batch_size": 16,
      "sequence_length": 1024,
      "throughput_mean": 14362.223450356565,
      "throughput_std": 18.513173020624034,
      "throughput_list": [
        14360.470776261242,
        14378.950315242892,
        14368.94142541737,
        14376.859593792045,
        14363.382279564714,
        14360.701852465234,
        14370.101249342602,
        14375.250603610324,
        14356.510626029689,
        14311.065781839552
      ],
      "throughput_unit": "tokens/second"
    }
  },
  "generation": {
    "gen128": {
      "batch_size": 1,
      "context_length": 32,
      "generation_length": 128,
      "throughput_mean": 63.56488091871554,
      "throughput_std": 0.14703458338184283,
      "throughput_list": [
        63.616757293957455,
        63.71623719865031,
        63.677755309267795,
        63.50630981023963,
        63.30734498146253
      ],
      "throughput_unit": "tokens/second"
    },
    "gen512": {
      "batch_size": 1,
      "context_length": 128,
      "generation_length": 512,
      "throughput_mean": 63.799499630798095,
      "throughput_std": 0.05488882911613238,
      "throughput_list": [
        63.730163572166525,
        63.76042169430203,
        63.79070477249893,
        63.88796236010921,
        63.82824575491378
      ],
      "throughput_unit": "tokens/second"
    },
    "gen1024": {
      "batch_size": 1,
      "context_length": 256,
      "generation_length": 1024,
      "throughput_mean": 62.7598389135032,
      "throughput_std": 0.2450716120165717,
      "throughput_list": [
        62.29751226661136,
        62.787574889006585,
        63.02296041510187,
        62.875999635360344,
        62.81514736143586
      ],
      "throughput_unit": "tokens/second"
    }
  },
  "test_params": {
    "use_amp": true,
    "precision": "torch.bfloat16"
  }
}