{
  "model_path": "../llm-pruner/FLAP/llm_weights/flap_p0.25_WIFV_AL-AM_SMOL19_noMLP",
  "system_info": {
    "platform": "Linux-6.12.16-aufs-1-x86_64-with-glibc2.36",
    "python_version": "3.10.14",
    "torch_version": "2.4.1+cu121",
    "cpu_count": 128,
    "memory_gb": 503.71,
    "gpu_info": {
      "available": true,
      "name": "NVIDIA A10",
      "device_count": 1,
      "device_capability": [
        8,
        6
      ],
      "cuda_version": "12.1"
    }
  },
  "parameters": {
    "total": 1762921727,
    "trainable": 1762921727,
    "non_trainable": 0
  },
  "sparsity": 0.0010455370603076129,
  "batch_inference": {
    "bs1_seq128": {
      "batch_size": 1,
      "sequence_length": 128,
      "throughput_mean": 3341.2691702773263,
      "throughput_std": 10.080421996945395,
      "throughput_list": [
        3324.257509241429,
        3330.6506690820206,
        3336.4877788066547,
        3340.307431948981,
        3355.4851435642945,
        3347.3885463104407,
        3333.5873678197318,
        3338.770216232688,
        3350.0621626512416,
        3355.6948771157836
      ],
      "throughput_unit": "tokens/second"
    },
    "bs1_seq512": {
      "batch_size": 1,
      "sequence_length": 512,
      "throughput_mean": 8284.753764903398,
      "throughput_std": 122.92453972360697,
      "throughput_list": [
        8127.942348889142,
        8259.425424224242,
        8338.18801932067,
        8323.483246318841,
        8324.225319792233,
        8373.561756219293,
        8382.975688209484,
        8403.083624525061,
        8324.580271272906,
        7990.071950262121
      ],
      "throughput_unit": "tokens/second"
    },
    "bs1_seq1024": {
      "batch_size": 1,
      "sequence_length": 1024,
      "throughput_mean": 9992.27411162986,
      "throughput_std": 67.42616555136901,
      "throughput_list": [
        10011.69546498211,
        10032.743423772761,
        10006.913550792171,
        9925.25910091951,
        9901.62230152802,
        10008.639178236695,
        10109.135470507932,
        9882.825603041034,
        10059.767173757744,
        9984.139848760633
      ],
      "throughput_unit": "tokens/second"
    },
    "bs4_seq128": {
      "batch_size": 4,
      "sequence_length": 128,
      "throughput_mean": 8145.965008250419,
      "throughput_std": 234.68826534046417,
      "throughput_list": [
        8222.015827740279,
        8226.83500233686,
        8256.091284807522,
        8245.756707047824,
        8228.348064647145,
        8236.648274222067,
        8218.648908891899,
        8233.553463869857,
        8144.65027231215,
        7447.102276628579
      ],
      "throughput_unit": "tokens/second"
    },
    "bs4_seq512": {
      "batch_size": 4,
      "sequence_length": 512,
      "throughput_mean": 11319.669284195026,
      "throughput_std": 89.46918096062196,
      "throughput_list": [
        11198.99898178291,
        11255.981298418123,
        11307.57441072477,
        11397.398868212425,
        11386.762611366436,
        11170.571097520218,
        11272.79127985869,
        11355.588065305043,
        11389.344308201451,
        11461.681920560199
      ],
      "throughput_unit": "tokens/second"
    },
    "bs4_seq1024": {
      "batch_size": 4,
      "sequence_length": 1024,
      "throughput_mean": 11682.803432045253,
      "throughput_std": 32.1677774676855,
      "throughput_list": [
        11729.563356510434,
        11634.89790536381,
        11707.733217027453,
        11715.038175767824,
        11672.446893699072,
        11652.78847246923,
        11724.360228592643,
        11655.001976887914,
        11656.58356639893,
        11679.620527735231
      ],
      "throughput_unit": "tokens/second"
    },
    "bs16_seq128": {
      "batch_size": 16,
      "sequence_length": 128,
      "throughput_mean": 11284.135216635716,
      "throughput_std": 198.72550299891412,
      "throughput_list": [
        10765.394809761869,
        11386.309802772766,
        11401.801195671795,
        11335.777241703308,
        11401.059672193811,
        11058.900476862389,
        11346.093614570662,
        11416.773337444643,
        11358.095570044547,
        11371.146445331375
      ],
      "throughput_unit": "tokens/second"
    },
    "bs16_seq512": {
      "batch_size": 16,
      "sequence_length": 512,
      "throughput_mean": 12373.928238062412,
      "throughput_std": 46.437578057679524,
      "throughput_list": [
        12420.64907711995,
        12401.23362463461,
        12434.736450340655,
        12407.422399034554,
        12299.791577800353,
        12373.157378685597,
        12343.86858493857,
        12291.550341901591,
        12398.423399279543,
        12368.449546888696
      ],
      "throughput_unit": "tokens/second"
    },
    "bs16_seq1024": {
      "batch_size": 16,
      "sequence_length": 1024,
      "throughput_mean": 12733.210690997634,
      "throughput_std": 34.68745227979212,
      "throughput_list": [
        12789.049560177664,
        12766.888757974026,
        12714.473117065998,
        12762.220259918931,
        12744.65335020764,
        12719.728266627673,
        12702.519901166545,
        12754.716095156253,
        12667.151962372816,
        12710.705639308786
      ],
      "throughput_unit": "tokens/second"
    }
  },
  "generation": {
    "gen128": {
      "batch_size": 1,
      "context_length": 32,
      "generation_length": 128,
      "throughput_mean": 63.21134014874279,
      "throughput_std": 0.07838251999755431,
      "throughput_list": [
        63.10158966088668,
        63.18115237885985,
        63.30695679623265,
        63.17170337978099,
        63.29529852795383
      ],
      "throughput_unit": "tokens/second"
    }
  },
  "test_params": {
    "use_amp": true,
    "precision": "torch.bfloat16"
  }
}