{
  "model_path": "schwartz-lab/Smol2-Mamba-1.9B",
  "system_info": {
    "platform": "Linux-6.12.16-aufs-1-x86_64-with-glibc2.36",
    "python_version": "3.10.14",
    "torch_version": "2.4.1+cu121",
    "cpu_count": 128,
    "memory_gb": 503.71,
    "gpu_info": {
      "available": true,
      "name": "NVIDIA A10",
      "device_count": 1,
      "device_capability": [
        8,
        6
      ],
      "cuda_version": "12.1"
    }
  },
  "parameters": {
    "total": 1915308800,
    "trainable": 1915308800,
    "non_trainable": 0
  },
  "sparsity": 0.0,
  "batch_inference": {
    "bs1_seq128": {
      "batch_size": 1,
      "sequence_length": 128,
      "throughput_mean": 3346.0494878302206,
      "throughput_std": 9.574209083728437,
      "throughput_list": [
        3339.7463919577986,
        3338.5625928897016,
        3350.4803010540636,
        3348.8919301616215,
        3331.001973022944,
        3353.7244162366787,
        3331.084643544084,
        3356.995810562385,
        3353.640618167735,
        3356.366200705194
      ],
      "throughput_unit": "tokens/second"
    },
    "bs1_seq512": {
      "batch_size": 1,
      "sequence_length": 512,
      "throughput_mean": 7925.898383079793,
      "throughput_std": 107.34481809540104,
      "throughput_list": [
        7625.005407670157,
        7881.686264290826,
        7918.304043067053,
        7975.620405859108,
        7994.146817951696,
        7971.919504345147,
        8015.421257917505,
        7990.696295414292,
        7925.375966460366,
        7960.807867821781
      ],
      "throughput_unit": "tokens/second"
    },
    "bs1_seq1024": {
      "batch_size": 1,
      "sequence_length": 1024,
      "throughput_mean": 9866.421252019158,
      "throughput_std": 77.67379511541434,
      "throughput_list": [
        9775.752979977193,
        9975.8841813093,
        9806.264403559964,
        9899.63673242657,
        9958.120615901118,
        9974.470956534664,
        9870.084559347351,
        9764.57375662723,
        9802.772861518517,
        9836.651472989655
      ],
      "throughput_unit": "tokens/second"
    },
    "bs4_seq128": {
      "batch_size": 4,
      "sequence_length": 128,
      "throughput_mean": 7668.7536666791,
      "throughput_std": 124.65188233805686,
      "throughput_list": [
        7798.0574536924405,
        7785.5332922452235,
        7774.737785694374,
        7701.960196970838,
        7676.246342361406,
        7683.41460342903,
        7677.67343451136,
        7652.530246878386,
        7342.15075541819,
        7595.232555589745
      ],
      "throughput_unit": "tokens/second"
    },
    "bs4_seq512": {
      "batch_size": 4,
      "sequence_length": 512,
      "throughput_mean": 10997.278677680262,
      "throughput_std": 68.76549363562464,
      "throughput_list": [
        10950.445468533484,
        11019.136231683273,
        11114.620679303875,
        11063.002400651163,
        10909.197186193092,
        10897.433428099861,
        11024.849856829876,
        10972.321937274628,
        11070.245160758195,
        10951.534427475173
      ],
      "throughput_unit": "tokens/second"
    },
    "bs4_seq1024": {
      "batch_size": 4,
      "sequence_length": 1024,
      "throughput_mean": 11650.94042892029,
      "throughput_std": 29.364653780265435,
      "throughput_list": [
        11650.275583331977,
        11638.35020319847,
        11696.94017425714,
        11638.255592400526,
        11638.48423779542,
        11709.696277610523,
        11620.228810676083,
        11647.882234810348,
        11658.054829918678,
        11611.236345203739
      ],
      "throughput_unit": "tokens/second"
    },
    "bs16_seq128": {
      "batch_size": 16,
      "sequence_length": 128,
      "throughput_mean": 10647.403564755197,
      "throughput_std": 58.10675961352433,
      "throughput_list": [
        10711.803639546933,
        10722.179342609317,
        10683.71919638915,
        10619.055591611996,
        10533.606128422682,
        10650.853428757771,
        10709.640110962191,
        10633.107455858033,
        10630.265167115476,
        10579.805586278417
      ],
      "throughput_unit": "tokens/second"
    },
    "bs16_seq512": {
      "batch_size": 16,
      "sequence_length": 512,
      "throughput_mean": 11931.122955063143,
      "throughput_std": 17.34015944648965,
      "throughput_list": [
        11930.742266573563,
        11941.946394988792,
        11939.033454913648,
        11909.726073521282,
        11941.967147523344,
        11934.604527056434,
        11927.801663725772,
        11958.04294765915,
        11892.524255257878,
        11934.840819411562
      ],
      "throughput_unit": "tokens/second"
    },
    "bs16_seq1024": {
      "batch_size": 16,
      "sequence_length": 1024,
      "throughput_mean": 12964.43184209826,
      "throughput_std": 20.031747078414814,
      "throughput_list": [
        12986.020785350327,
        12989.253491408257,
        12989.106180514038,
        12983.319507151555,
        12965.990381471323,
        12948.536662142558,
        12957.690092382698,
        12946.092402872955,
        12944.163504564774,
        12934.145413124117
      ],
      "throughput_unit": "tokens/second"
    }
  },
  "generation": {
    "gen128": {
      "batch_size": 1,
      "context_length": 32,
      "generation_length": 128,
      "throughput_mean": 64.17282756453335,
      "throughput_std": 0.11456054086876813,
      "throughput_list": [
        64.13069083211123,
        64.1419002275972,
        64.21979215535883,
        64.35957577680726,
        64.01217883079218
      ],
      "throughput_unit": "tokens/second"
    }
  },
  "test_params": {
    "use_amp": true,
    "precision": "torch.bfloat16"
  }
}