{
  "model_path": "schwartz-lab/Smol2-Mamba-1.9B",
  "system_info": {
    "platform": "Linux-6.12.16-aufs-1-x86_64-with-glibc2.36",
    "python_version": "3.10.14",
    "torch_version": "2.4.1+cu121",
    "cpu_count": 128,
    "memory_gb": 503.71,
    "gpu_info": {
      "available": true,
      "name": "NVIDIA A10",
      "device_count": 1,
      "device_capability": [
        8,
        6
      ],
      "cuda_version": "12.1"
    }
  },
  "parameters": {
    "total": 1915308800,
    "trainable": 1915308800,
    "non_trainable": 0
  },
  "sparsity": 0.0,
  "batch_inference": {
    "bs1_seq128": {
      "batch_size": 1,
      "sequence_length": 128,
      "throughput_mean": 3274.715354968711,
      "throughput_std": 23.3737797197013,
      "throughput_list": [
        3260.6202862990654,
        3270.5718602271068,
        3260.7391085170093,
        3283.252681661958,
        3273.0243554493413,
        3285.3623151156885,
        3303.475402573269,
        3307.4235444145315,
        3220.7359201401387,
        3281.948075288997
      ],
      "throughput_unit": "tokens/second"
    },
    "bs1_seq512": {
      "batch_size": 1,
      "sequence_length": 512,
      "throughput_mean": 7827.099532202711,
      "throughput_std": 71.03558678484107,
      "throughput_list": [
        7694.371324767644,
        7850.252409013146,
        7893.332235548384,
        7868.603932316667,
        7901.929402760453,
        7859.331166739862,
        7872.065220419505,
        7697.4602596546065,
        7800.691798586238,
        7832.957572220601
      ],
      "throughput_unit": "tokens/second"
    },
    "bs1_seq1024": {
      "batch_size": 1,
      "sequence_length": 1024,
      "throughput_mean": 9709.47681545881,
      "throughput_std": 72.29443834976196,
      "throughput_list": [
        9732.776697357061,
        9681.330321841879,
        9799.306162772393,
        9788.987694727126,
        9837.440038113213,
        9638.875589109222,
        9626.172846589687,
        9636.626405679259,
        9656.950350081168,
        9696.302048317075
      ],
      "throughput_unit": "tokens/second"
    },
    "bs4_seq128": {
      "batch_size": 4,
      "sequence_length": 128,
      "throughput_mean": 7526.909406501423,
      "throughput_std": 87.68348446623773,
      "throughput_list": [
        7603.111539115164,
        7595.393736184059,
        7593.916503412426,
        7622.975407508377,
        7528.901553822853,
        7504.2759777473375,
        7553.583003869152,
        7413.34739952637,
        7330.621743864931,
        7522.9671999635675
      ],
      "throughput_unit": "tokens/second"
    },
    "bs4_seq512": {
      "batch_size": 4,
      "sequence_length": 512,
      "throughput_mean": 10848.482503708381,
      "throughput_std": 74.91155021113127,
      "throughput_list": [
        10864.684437327747,
        10858.01001371482,
        10908.54605625754,
        10841.291362870503,
        10730.081546742415,
        10984.430623649314,
        10813.137233477426,
        10892.127293038495,
        10870.404045491532,
        10722.112424514005
      ],
      "throughput_unit": "tokens/second"
    },
    "bs4_seq1024": {
      "batch_size": 4,
      "sequence_length": 1024,
      "throughput_mean": 11307.885528197583,
      "throughput_std": 32.83386208634135,
      "throughput_list": [
        11273.309078691971,
        11366.301493773628,
        11285.565194999366,
        11322.673056973646,
        11355.047670412936,
        11303.61638471013,
        11304.546122965183,
        11308.28893622287,
        11251.300284297244,
        11308.207058928845
      ],
      "throughput_unit": "tokens/second"
    },
    "bs16_seq128": {
      "batch_size": 16,
      "sequence_length": 128,
      "throughput_mean": 10645.651116556162,
      "throughput_std": 24.217322709152565,
      "throughput_list": [
        10676.309712284312,
        10668.168491280972,
        10619.042464131098,
        10647.566091644137,
        10624.545722381847,
        10654.103153340875,
        10664.168731028747,
        10602.527582827477,
        10671.813267935368,
        10628.265948706781
      ],
      "throughput_unit": "tokens/second"
    },
    "bs16_seq512": {
      "batch_size": 16,
      "sequence_length": 512,
      "throughput_mean": 12155.240939497457,
      "throughput_std": 19.681517115487463,
      "throughput_list": [
        12164.724356080762,
        12160.221111026567,
        12165.35318137384,
        12171.718311136428,
        12175.712305146368,
        12138.805388314015,
        12179.07861095062,
        12150.10743450084,
        12129.11262228046,
        12117.576074164645
      ],
      "throughput_unit": "tokens/second"
    },
    "bs16_seq1024": {
      "batch_size": 16,
      "sequence_length": 1024,
      "throughput_mean": 12535.556558170854,
      "throughput_std": 24.323172641770025,
      "throughput_list": [
        12573.869159405196,
        12552.999789015932,
        12563.487823360989,
        12547.546971676144,
        12544.979210992931,
        12533.454425809483,
        12514.958920135852,
        12524.420114386443,
        12495.488577141774,
        12504.360589783793
      ],
      "throughput_unit": "tokens/second"
    }
  },
  "generation": {
    "gen128": {
      "batch_size": 1,
      "context_length": 32,
      "generation_length": 128,
      "throughput_mean": 63.83746323852014,
      "throughput_std": 0.40489679580485616,
      "throughput_list": [
        63.57093486900173,
        63.76658620880514,
        63.27030221720862,
        64.20957687076587,
        64.36991602681934
      ],
      "throughput_unit": "tokens/second"
    },
    "gen512": {
      "batch_size": 1,
      "context_length": 128,
      "generation_length": 512,
      "throughput_mean": 63.814595144241345,
      "throughput_std": 0.8905097714668581,
      "throughput_list": [
        62.09106212955605,
        63.95997263594323,
        64.22951313419051,
        64.14659432010814,
        64.64583350140876
      ],
      "throughput_unit": "tokens/second"
    },
    "gen1024": {
      "batch_size": 1,
      "context_length": 256,
      "generation_length": 1024,
      "throughput_mean": 64.53306522575136,
      "throughput_std": 0.34558639125924223,
      "throughput_list": [
        64.52194628935968,
        64.35435193437993,
        63.98995271128835,
        64.92703756880844,
        64.87203762492041
      ],
      "throughput_unit": "tokens/second"
    }
  },
  "test_params": {
    "use_amp": true,
    "precision": "torch.bfloat16"
  }
}