{
  "model_path": "../llm-pruner/wanda/out/mamba/unstructured/wanda/SMOL19_05/model/",
  "system_info": {
    "platform": "Linux-6.12.16-aufs-1-x86_64-with-glibc2.36",
    "python_version": "3.10.14",
    "torch_version": "2.4.1+cu121",
    "cpu_count": 128,
    "memory_gb": 503.71,
    "gpu_info": {
      "available": true,
      "name": "NVIDIA A10",
      "device_count": 1,
      "device_capability": [
        8,
        6
      ],
      "cuda_version": "12.1"
    }
  },
  "parameters": {
    "total": 1915308800,
    "trainable": 1915308800,
    "non_trainable": 0
  },
  "sparsity": 15.808224762503048,
  "batch_inference": {
    "bs1_seq128": {
      "batch_size": 1,
      "sequence_length": 128,
      "throughput_mean": 3313.557065972845,
      "throughput_std": 61.539152162780695,
      "throughput_list": [
        3309.564364003995,
        3346.61649898393,
        3172.452192000189,
        3355.50611573967,
        3348.307120449542,
        3216.9726341776172,
        3349.581432493137,
        3350.563941260539,
        3334.229166925437,
        3351.777193694397
      ],
      "throughput_unit": "tokens/second"
    },
    "bs1_seq512": {
      "batch_size": 1,
      "sequence_length": 512,
      "throughput_mean": 7787.591304084565,
      "throughput_std": 94.83981374636635,
      "throughput_list": [
        7520.6750903538505,
        7748.788141647843,
        7864.108805671723,
        7834.986621134011,
        7817.388946728503,
        7771.699031199221,
        7822.087221944992,
        7855.593693528916,
        7821.06166212028,
        7819.523826516307
      ],
      "throughput_unit": "tokens/second"
    },
    "bs1_seq1024": {
      "batch_size": 1,
      "sequence_length": 1024,
      "throughput_mean": 9734.69432756455,
      "throughput_std": 39.62431395394506,
      "throughput_list": [
        9771.616130683564,
        9743.13165464362,
        9790.237260627446,
        9736.505476967719,
        9720.727364904626,
        9770.415765635627,
        9679.999314844657,
        9655.213621260964,
        9726.296746025097,
        9752.799940052182
      ],
      "throughput_unit": "tokens/second"
    },
    "bs4_seq128": {
      "batch_size": 4,
      "sequence_length": 128,
      "throughput_mean": 7679.7147010073295,
      "throughput_std": 88.43291231535733,
      "throughput_list": [
        7764.000245846816,
        7755.980540376551,
        7743.842374195409,
        7647.761024789975,
        7674.079275003931,
        7654.0030937021065,
        7682.672438403995,
        7701.877328513123,
        7442.301873845525,
        7730.628815395858
      ],
      "throughput_unit": "tokens/second"
    },
    "bs4_seq512": {
      "batch_size": 4,
      "sequence_length": 512,
      "throughput_mean": 10843.400473626762,
      "throughput_std": 74.92612017609292,
      "throughput_list": [
        10916.239894776305,
        10898.401249456027,
        10842.49557524358,
        10845.15126134236,
        10690.087875929323,
        10898.885224602485,
        10857.255194206049,
        10912.065853993161,
        10857.021907589482,
        10716.400699128833
      ],
      "throughput_unit": "tokens/second"
    },
    "bs4_seq1024": {
      "batch_size": 4,
      "sequence_length": 1024,
      "throughput_mean": 11372.46851853019,
      "throughput_std": 22.36893426744266,
      "throughput_list": [
        11356.94678522581,
        11406.73705345405,
        11351.821382554008,
        11351.896391681732,
        11414.12610778658,
        11367.143797448924,
        11344.5277319026,
        11371.462563907047,
        11373.698475528818,
        11386.324895812346
      ],
      "throughput_unit": "tokens/second"
    },
    "bs16_seq128": {
      "batch_size": 16,
      "sequence_length": 128,
      "throughput_mean": 10655.414486962423,
      "throughput_std": 74.42780242034758,
      "throughput_list": [
        10774.604092373806,
        10704.64863436804,
        10627.42439748602,
        10672.22428986926,
        10564.217887730656,
        10717.229658630555,
        10606.769358427568,
        10653.812446823553,
        10717.05583391556,
        10516.158269999216
      ],
      "throughput_unit": "tokens/second"
    },
    "bs16_seq512": {
      "batch_size": 16,
      "sequence_length": 512,
      "throughput_mean": 11860.469949761737,
      "throughput_std": 33.817348674037575,
      "throughput_list": [
        11851.430484070466,
        11827.210697717806,
        11824.7278306174,
        11812.560590715037,
        11840.76271082473,
        11923.356237965074,
        11894.68566184425,
        11882.082357013645,
        11886.817801994413,
        11861.06512485454
      ],
      "throughput_unit": "tokens/second"
    },
    "bs16_seq1024": {
      "batch_size": 16,
      "sequence_length": 1024,
      "throughput_mean": 12772.632391092446,
      "throughput_std": 29.94231033317029,
      "throughput_list": [
        12810.090956812217,
        12812.31690962773,
        12769.092602640354,
        12808.562853393772,
        12784.26495330415,
        12761.049521865534,
        12769.306147932572,
        12755.615750112764,
        12719.893075083479,
        12736.131140151885
      ],
      "throughput_unit": "tokens/second"
    }
  },
  "generation": {
    "gen128": {
      "batch_size": 1,
      "context_length": 32,
      "generation_length": 128,
      "throughput_mean": 65.64294313218413,
      "throughput_std": 0.24781202213047637,
      "throughput_list": [
        65.76273372207596,
        65.54989894707899,
        65.23662187952407,
        65.98588324597831,
        65.67957786626332
      ],
      "throughput_unit": "tokens/second"
    }
  },
  "test_params": {
    "use_amp": true,
    "precision": "torch.bfloat16"
  }
}