{
  "model_path": "../llm-pruner/wanda/out/mamba/unstructured/wanda/SMOL19_025/model",
  "system_info": {
    "platform": "Linux-6.12.16-aufs-1-x86_64-with-glibc2.36",
    "python_version": "3.10.14",
    "torch_version": "2.4.1+cu121",
    "cpu_count": 128,
    "memory_gb": 503.71,
    "gpu_info": {
      "available": true,
      "name": "NVIDIA A10",
      "device_count": 1,
      "device_capability": [
        8,
        6
      ],
      "cuda_version": "12.1"
    }
  },
  "parameters": {
    "total": 1915308800,
    "trainable": 1915308800,
    "non_trainable": 0
  },
  "sparsity": 7.904112381251524,
  "batch_inference": {
    "bs1_seq128": {
      "batch_size": 1,
      "sequence_length": 128,
      "throughput_mean": 3305.915931442908,
      "throughput_std": 57.60002968084101,
      "throughput_list": [
        3189.52794329949,
        3343.969205663069,
        3194.253197996121,
        3327.9460457966056,
        3344.5941726524584,
        3338.4172719132425,
        3320.125366414763,
        3340.2450848638696,
        3321.89208989209,
        3338.1889359373736
      ],
      "throughput_unit": "tokens/second"
    },
    "bs1_seq512": {
      "batch_size": 1,
      "sequence_length": 512,
      "throughput_mean": 7834.971885700725,
      "throughput_std": 92.51618090092553,
      "throughput_list": [
        7568.331000260797,
        7851.457870529479,
        7845.118994648108,
        7891.823853885306,
        7916.902847157451,
        7860.9710267476385,
        7824.338698982008,
        7872.988744931553,
        7838.93341509978,
        7878.852404765137
      ],
      "throughput_unit": "tokens/second"
    },
    "bs1_seq1024": {
      "batch_size": 1,
      "sequence_length": 1024,
      "throughput_mean": 9907.311252848722,
      "throughput_std": 66.24062415794836,
      "throughput_list": [
        9993.03691984104,
        9938.166078547976,
        9989.643477492313,
        9913.300764218597,
        9920.490637249128,
        9904.56788773969,
        9932.420397808606,
        9797.875466799891,
        9781.006929879097,
        9902.60396891089
      ],
      "throughput_unit": "tokens/second"
    },
    "bs4_seq128": {
      "batch_size": 4,
      "sequence_length": 128,
      "throughput_mean": 7703.676813529315,
      "throughput_std": 90.10793699631809,
      "throughput_list": [
        7804.575744029772,
        7783.275879815882,
        7769.618292660865,
        7753.3483094142075,
        7667.065278551333,
        7710.948186342452,
        7686.412209587418,
        7669.5296747880375,
        7469.8720911627,
        7722.12246894047
      ],
      "throughput_unit": "tokens/second"
    },
    "bs4_seq512": {
      "batch_size": 4,
      "sequence_length": 512,
      "throughput_mean": 10910.684561402491,
      "throughput_std": 67.88363735148259,
      "throughput_list": [
        11017.440255904123,
        10935.946682079806,
        10926.723728597959,
        10920.611497876886,
        10753.91205261069,
        10959.97421643243,
        10899.632013440021,
        10957.24802857325,
        10886.315824692228,
        10849.04131381754
      ],
      "throughput_unit": "tokens/second"
    },
    "bs4_seq1024": {
      "batch_size": 4,
      "sequence_length": 1024,
      "throughput_mean": 11618.127010704342,
      "throughput_std": 19.21562247285573,
      "throughput_list": [
        11596.791204192157,
        11660.990556426252,
        11616.928647307226,
        11615.294974622619,
        11637.829862844625,
        11607.047236582881,
        11599.312397247742,
        11616.905081454193,
        11599.187094692083,
        11630.983051673642
      ],
      "throughput_unit": "tokens/second"
    },
    "bs16_seq128": {
      "batch_size": 16,
      "sequence_length": 128,
      "throughput_mean": 10675.084704069948,
      "throughput_std": 42.3655688937314,
      "throughput_list": [
        10732.26675195906,
        10671.468564272795,
        10663.718614723988,
        10681.407608851086,
        10625.794271181241,
        10716.69483136984,
        10682.297584464164,
        10614.62035081649,
        10738.518938191164,
        10624.05952486964
      ],
      "throughput_unit": "tokens/second"
    },
    "bs16_seq512": {
      "batch_size": 16,
      "sequence_length": 512,
      "throughput_mean": 11939.023965100965,
      "throughput_std": 30.833923341449164,
      "throughput_list": [
        11900.123528101787,
        11885.090900537703,
        11958.446645814634,
        11977.184046380919,
        11956.407624738538,
        11974.583567442407,
        11921.262986243604,
        11934.210727256055,
        11967.297393087614,
        11915.632231406391
      ],
      "throughput_unit": "tokens/second"
    },
    "bs16_seq1024": {
      "batch_size": 16,
      "sequence_length": 1024,
      "throughput_mean": 12725.819436377327,
      "throughput_std": 13.112546931060448,
      "throughput_list": [
        12743.377127466638,
        12726.003418565366,
        12750.349836862188,
        12735.238951743973,
        12720.521740836648,
        12719.417496587832,
        12725.188052749936,
        12718.012158082838,
        12703.245477669328,
        12716.840103208528
      ],
      "throughput_unit": "tokens/second"
    }
  },
  "generation": {
    "gen128": {
      "batch_size": 1,
      "context_length": 32,
      "generation_length": 128,
      "throughput_mean": 64.81809583187133,
      "throughput_std": 0.3144691072562092,
      "throughput_list": [
        64.5024335399109,
        64.97622254563498,
        64.5823849549655,
        65.35890385877038,
        64.67053426007492
      ],
      "throughput_unit": "tokens/second"
    }
  },
  "test_params": {
    "use_amp": true,
    "precision": "torch.bfloat16"
  }
}